step,system_total_stopped,system_total_waiting_time,system_mean_waiting_time,system_mean_speed,cluster_1873322399_2320051372_3641274152_3641274160_stopped,cluster_1873322399_2320051372_3641274152_3641274160_accumulated_waiting_time,cluster_1873322399_2320051372_3641274152_3641274160_average_speed,agents_total_stopped,agents_total_accumulated_waiting_time
0.0,0,0.0,0.0,0.0,0,0.0,1.0,0,0.0
5.0,0,0.0,0.0,17.583460615847333,0,0.0,1.0,0,0.0
10.0,0,0.0,0.0,12.670818415594747,0,0.0,1.0,0,0.0
15.0,0,0.0,0.0,13.02354525376333,0,0.0,1.0,0,0.0
20.0,0,0.0,0.0,13.987644020538703,0,0.0,1.0,0,0.0
25.0,1,1.0,0.03571428571428571,10.650749784527084,0,0.0,0.020210434687460404,0,0.0
30.0,3,15.0,0.46875,10.050919132018526,1,4.0,0.16755523057563107,1,4.0
35.0,7,42.0,1.135135135135135,9.614909726800734,3,16.0,6.339944725833109e-05,3,16.0
40.0,8,75.0,1.829268292682927,9.272304254570503,4,32.0,3.489484290615989e-05,4,32.0
45.0,11,120.0,2.608695652173913,9.21116806178544,5,54.0,0.010926423723312331,5,54.0
50.0,13,179.0,3.4423076923076925,8.07487476969156,7,88.0,0.006945008262547508,7,88.0
55.0,8,129.0,2.1864406779661016,8.544595490435652,2,23.0,0.27196548743410637,2,23.0
60.0,10,177.0,2.8548387096774195,8.456164997477432,2,20.0,0.06013259850707825,2,20.0
65.0,11,226.0,3.4242424242424243,8.079761435085258,4,37.0,0.11764061529413392,4,37.0
70.0,16,295.0,4.154929577464789,9.147425855222892,7,65.0,0.025626255269538125,7,65.0
75.0,16,372.0,5.095890410958904,9.97755004384141,7,100.0,0.07340932423748568,7,100.0
80.0,15,262.0,3.4025974025974026,10.365719954016653,9,143.0,0.0981264323253542,9,143.0
85.0,13,220.0,2.682926829268293,9.763884538329807,9,188.0,0.05336839498609469,9,188.0
90.0,12,249.0,3.0365853658536586,9.07592975081155,11,240.0,0.03943182195554255,11,240.0
95.0,8,111.0,1.2613636363636365,8.62495655331593,7,127.0,0.06196355600521601,7,127.0
100.0,9,150.0,1.744186046511628,8.985235375183299,9,150.0,0.008102116702142862,9,150.0
105.0,16,212.0,2.3043478260869565,8.992125254741248,10,197.0,0.08523889928203364,10,197.0
110.0,20,306.0,3.154639175257732,8.231888566039283,10,247.0,0.07555817840316569,10,247.0
115.0,22,410.0,4.141414141414141,7.138074379167914,10,297.0,0.02148547503763096,10,297.0
120.0,25,527.0,5.166666666666667,6.185609209883128,12,352.0,0.03795241532060829,12,352.0
125.0,27,651.0,6.08411214953271,6.190676739769892,14,419.0,0.004410867194704699,14,419.0
130.0,27,722.0,6.5636363636363635,5.722721769533918,14,425.0,0.08945950716483686,14,425.0
135.0,26,527.0,4.663716814159292,5.853161051013376,11,357.0,0.08574031956455162,11,357.0
140.0,22,374.0,3.1965811965811968,6.2957400358556805,14,455.0,0.056755179054552685,14,455.0
145.0,12,94.0,0.7833333333333333,6.279800850305304,9,324.0,0.07752965497068733,9,324.0
150.0,19,141.0,1.128,6.952057659045052,12,321.0,0.07149513452806423,12,321.0
155.0,19,208.0,1.6,7.805635026399309,13,385.0,3.1112473020197865e-06,13,385.0
160.0,24,320.0,2.388059701492537,7.774736450556335,13,450.0,0.034547822645299604,13,450.0
165.0,32,465.0,3.394160583941606,7.465460351440234,13,515.0,0.0,13,515.0
170.0,39,619.0,4.551470588235294,6.041192771284894,13,580.0,0.0,13,580.0
175.0,42,777.0,5.51063829787234,5.914849197262308,13,622.0,0.004847468133505984,13,622.0
180.0,46,996.0,6.916666666666667,5.500884120272005,14,690.0,0.002016385553845121,14,690.0
185.0,36,789.0,5.295302013422819,5.7065880320545945,6,510.0,0.04648922577620879,6,510.0
190.0,42,979.0,6.398692810457517,5.157724277111568,7,471.0,0.041788866636212674,7,471.0
195.0,50,1199.0,7.6369426751592355,5.025349288528867,8,496.0,0.06276790691044347,8,496.0
200.0,48,1397.0,8.786163522012579,4.774509723348365,9,537.0,0.00010543389331526022,9,537.0
205.0,51,1602.0,9.709090909090909,5.040205122951814,9,582.0,2.2747121320243115e-06,9,582.0
210.0,50,1729.0,10.542682926829269,4.816561021994705,9,627.0,0.0,9,627.0
215.0,52,1984.0,11.602339181286549,5.348580555067981,9,672.0,0.09893837124481797,9,672.0
220.0,53,2012.0,11.976190476190476,4.968827769626516,8,588.0,0.0041849574828446146,8,588.0
225.0,51,1822.0,10.654970760233919,4.83514539915551,5,380.0,0.23029670121963453,5,380.0
230.0,55,1763.0,10.017045454545455,4.173145113740084,11,643.0,0.02203686659745553,11,643.0
235.0,45,1225.0,6.805555555555555,4.744853047648837,6,643.0,0.04258011121900018,6,643.0
240.0,42,861.0,4.704918032786885,4.564667779476429,8,636.0,0.03432845811438504,8,636.0
245.0,49,727.0,3.8877005347593583,4.866439238863345,9,680.0,0.08387340548331189,9,680.0
250.0,53,786.0,4.2032085561497325,4.98342012952452,9,720.0,0.04381657580821545,9,720.0
255.0,52,802.0,4.177083333333333,4.854581273384807,10,773.0,0.08893408463788877,10,773.0
260.0,54,913.0,4.682051282051282,4.541591639079726,11,827.0,0.10736534013172987,11,827.0
265.0,59,1106.0,5.614213197969543,4.129704182375941,13,887.0,0.05005284238217584,13,887.0
270.0,56,1272.0,6.297029702970297,3.8210205287777654,14,956.0,0.061977507397280876,14,956.0
275.0,57,1331.0,6.461165048543689,4.15860621836779,6,802.0,0.11018657695137826,6,802.0
280.0,65,1636.0,7.903381642512077,4.238988341326614,7,831.0,0.12766489131673178,7,831.0
285.0,74,1985.0,9.497607655502392,4.008134973031071,10,863.0,0.0002896714479799104,10,863.0
290.0,77,2323.0,11.16826923076923,3.574337176314572,11,914.0,0.07713675554073124,11,914.0
295.0,84,2688.0,12.560747663551401,3.6332878875871324,11,969.0,0.02614122246903479,11,969.0
300.0,85,3072.0,14.49056603773585,3.277399192768178,11,1026.0,0.002824049153293887,11,1026.0
305.0,86,3248.0,15.037037037037036,3.6617394807171815,12,1088.0,0.11868039915859012,12,1088.0
310.0,84,2988.0,13.76958525345622,3.2614656901321153,11,925.0,0.10206717946321435,11,925.0
315.0,89,2929.0,13.686915887850468,2.8259135183526327,10,951.0,0.02230411050584572,10,951.0
320.0,88,2645.0,12.188940092165899,3.202339893330276,13,1008.0,0.019532640431450386,13,1008.0
325.0,80,2337.0,10.47982062780269,3.4666508151920645,10,1225.0,0.024381937409784775,10,1225.0
330.0,78,2215.0,9.844444444444445,3.7007202677330153,11,1268.0,0.0,11,1268.0
335.0,73,1812.0,7.8441558441558445,4.048750448360351,11,1323.0,0.0,11,1323.0
340.0,79,1919.0,8.27155172413793,3.9289565622879548,11,1378.0,0.09266680854180623,11,1378.0
345.0,87,1952.0,8.236286919831224,4.009404891844805,12,1411.0,4.03221781827646e-05,12,1411.0
350.0,91,2153.0,8.860082304526749,3.619854760324674,12,1466.0,0.0,12,1466.0
355.0,100,2229.0,8.987903225806452,3.2468708392322805,12,1526.0,0.0,12,1526.0
360.0,109,2368.0,9.587044534412955,3.089452753234708,12,1586.0,0.0,12,1586.0
365.0,108,2436.0,9.590551181102363,3.186332744127713,9,1561.0,0.0,9,1561.0
370.0,122,2691.0,10.51171875,2.9255661445267096,9,1606.0,0.05467820354630794,9,1606.0
375.0,116,2820.0,10.846153846153847,2.7206015597773883,10,1654.0,0.0021010181852645885,10,1654.0
380.0,120,3118.0,11.946360153256705,2.556075713869667,11,1717.0,0.05136573297722417,11,1717.0
385.0,119,3440.0,12.981132075471699,2.6728780592833044,12,1783.0,0.13410102381582942,12,1783.0
390.0,125,3827.0,14.441509433962263,2.765174164329905,13,1848.0,0.04992930965936639,13,1848.0
395.0,138,4358.0,16.14074074074074,2.481400798301924,13,1913.0,0.05498220868220954,13,1913.0
400.0,135,4656.0,17.11764705882353,2.4634427213307823,12,1889.0,0.00048714507640188663,12,1889.0
405.0,137,4202.0,15.28,2.2783666734078807,7,1241.0,0.04968094708426098,7,1241.0
410.0,149,4597.0,16.417857142857144,2.4452786612130306,7,1117.0,0.0359073020149189,7,1117.0
415.0,147,4869.0,17.08421052631579,2.513173917404079,5,1355.0,0.05984153603647228,5,1355.0
420.0,160,5595.0,19.494773519163765,2.5246978755512366,9,1337.0,0.05954017974725028,9,1337.0
425.0,163,6341.0,21.715753424657535,2.5194896657771797,9,1372.0,0.14170096327229542,9,1372.0
430.0,158,7015.0,23.779661016949152,2.7621534345706356,9,1663.0,0.04764822109757155,9,1663.0
435.0,150,6888.0,23.114093959731544,2.84825973433593,12,1847.0,0.10121923131939127,12,1847.0
440.0,155,7421.0,24.572847682119207,2.8536292491558304,13,1891.0,0.0857964062087943,13,1891.0
445.0,154,7871.0,25.976897689768975,2.8210752216446697,13,1978.0,0.0779321526764957,13,1978.0
450.0,167,8650.0,28.54785478547855,2.9528745723672483,15,1972.0,0.003416837803049917,15,1972.0
455.0,164,9117.0,29.794117647058822,2.916942568495226,10,1922.0,0.02639701074530062,10,1922.0
460.0,166,9043.0,29.077170418006432,3.189177752588478,12,1973.0,1.4916626711966215e-05,12,1973.0
465.0,150,7369.0,23.770967741935483,3.40132930087175,12,2033.0,0.0,12,2033.0
470.0,143,7479.0,24.04823151125402,2.8042537961789353,12,2093.0,0.08581569635729665,12,2093.0
475.0,161,8224.0,26.443729903536976,2.31279191418264,14,2155.0,0.05180683460309392,14,2155.0
480.0,160,8787.0,28.073482428115017,2.2938169557793966,15,2227.0,0.031830512116803836,15,2227.0
485.0,167,9379.0,29.680379746835442,2.433350341696582,17,2308.0,0.0013602733808808487,17,2308.0
490.0,168,9606.0,30.112852664576803,2.2857110160463647,17,2044.0,0.02507281648066283,17,2044.0
495.0,168,9078.0,28.105263157894736,2.2618203888114206,12,1614.0,0.027494742756913017,12,1614.0
500.0,171,9204.0,28.146788990825687,2.1410505197180663,13,1163.0,0.008560116990836142,13,1163.0
505.0,163,8865.0,27.36111111111111,2.2754467773378564,5,1446.0,0.04370806700235395,5,1446.0
510.0,159,8548.0,26.546583850931675,2.6722363235177475,7,1425.0,0.023749364087123283,7,1425.0
515.0,166,8558.0,26.41358024691358,2.833854527255894,6,1459.0,0.07930667262551847,6,1459.0
520.0,171,9064.0,27.803680981595093,2.752813695550863,7,1491.0,0.07534375058976851,7,1491.0
525.0,173,9407.0,28.679878048780488,2.804550042631557,7,1526.0,0.11741919085290123,7,1526.0
530.0,167,9539.0,28.731927710843372,2.694560015711721,7,1561.0,0.07062522605425177,7,1561.0
535.0,163,9066.0,27.062686567164178,2.5461549293635675,8,1600.0,0.15086741048834998,8,1600.0
540.0,169,8582.0,25.315634218289084,2.453698783824575,9,1643.0,0.08975592863751779,9,1643.0
545.0,165,7647.0,22.491176470588236,2.343755826584993,9,1673.0,0.01280091366711654,9,1673.0
550.0,166,6970.0,20.5,2.119302763201441,11,1723.0,0.00255037533033898,11,1723.0
555.0,177,6996.0,20.516129032258064,2.0559000278611026,12,1783.0,1.3706913495491403e-06,12,1783.0
560.0,183,7094.0,20.742690058479532,1.829186402131622,12,1843.0,0.0,12,1843.0
565.0,189,7097.0,20.51156069364162,1.7607730966863095,13,1904.0,0.01302386585667875,13,1904.0
570.0,196,7397.0,21.134285714285713,1.895973477354928,14,1972.0,0.05656600599617916,14,1972.0
575.0,198,8010.0,22.691218130311615,1.7993221256341598,15,2043.0,0.0618812773078506,15,2043.0
580.0,209,8763.0,24.54621848739496,1.6950347508619792,13,1685.0,0.07041626005214924,13,1685.0
585.0,217,9066.0,25.183333333333334,1.7551611062641346,7,1389.0,0.05767207293591667,7,1389.0
590.0,232,9155.0,25.290055248618785,1.68254302887204,11,1436.0,0.024079737899588536,11,1436.0
595.0,208,8261.0,22.695054945054945,2.014811585222849,7,2049.0,0.07300919785645747,7,2049.0
600.0,202,8247.0,22.781767955801104,2.309260861088518,9,1806.0,0.2318772519291833,9,1806.0
605.0,216,8272.0,22.78787878787879,2.1968899921836105,10,2258.0,0.08774649393814817,10,2258.0
610.0,220,8724.0,23.9013698630137,2.0230717418382613,13,2305.0,9.480620451057918e-06,13,2305.0
615.0,220,9369.0,25.52861035422343,2.3114082530401663,13,2367.0,0.0,13,2367.0
620.0,218,10005.0,27.26158038147139,2.0409941930314095,13,2432.0,0.06876237941873166,13,2432.0
625.0,219,10703.0,28.927027027027027,2.0431391129883276,14,2498.0,0.00025853166671902016,14,2498.0
630.0,219,10811.0,29.140161725067387,2.003837907614879,14,2569.0,0.01192316295930779,14,2569.0
635.0,221,10954.0,29.21066666666667,1.9466065321944448,11,2527.0,0.06271327516419765,11,2527.0
640.0,234,11106.0,29.77479892761394,1.839540248053913,14,2520.0,0.010349401606186,14,2520.0
645.0,240,11617.0,30.89627659574468,1.7785421175794818,16,2597.0,2.165596947160944e-06,16,2597.0
650.0,247,12387.0,32.68337730870712,1.5315349035230001,16,2677.0,0.0,16,2677.0
655.0,247,12987.0,34.08661417322835,1.4791446532522154,16,2757.0,0.0,16,2757.0
660.0,258,13820.0,36.08355091383812,1.3297596300216457,16,2837.0,0.0,16,2837.0
665.0,256,14492.0,37.5440414507772,1.2840111592356165,16,2917.0,0.0,16,2917.0
670.0,254,15056.0,38.70437017994858,1.1211548338435695,17,2519.0,0.0002096755395102585,17,2519.0
675.0,252,15190.0,38.651399491094146,1.134550347262749,11,2506.0,0.022438216188057216,11,2506.0
680.0,260,15904.0,40.36548223350254,1.2172208940696152,14,2570.0,0.009855437458764701,14,2570.0
685.0,265,16537.0,41.65491183879093,1.4345587311293062,7,2910.0,0.03775965913170487,7,2910.0
690.0,264,16715.0,41.8922305764411,1.6867739596995224,6,2820.0,0.1358967184790631,6,2820.0
695.0,271,16551.0,41.069478908188586,1.8181705846584402,6,3163.0,0.09073940891569547,6,3163.0
700.0,274,17246.0,42.68811881188119,2.0375513298145282,8,3391.0,0.12535819074285376,8,3391.0
705.0,282,18199.0,44.60539215686274,2.1638006787394652,10,3386.0,0.04177412530635468,10,3386.0
710.0,297,19404.0,47.326829268292684,1.896434504895153,11,3410.0,0.10419248098758879,11,3410.0
715.0,298,20774.0,50.545012165450125,1.6961989740313117,11,3468.0,0.03717103836833013,11,3468.0
720.0,301,22077.0,53.06971153846154,1.7485342212531851,14,3532.0,0.002172681672816706,14,3532.0
725.0,303,23002.0,54.507109004739334,1.7498272286978225,9,2971.0,1.0669007866552522e-06,9,2971.0
730.0,308,24252.0,58.01913875598086,1.3623597360471589,9,3017.0,0.0023986824822219274,9,3017.0
735.0,311,25384.0,60.15165876777251,1.2823042370209428,10,3066.0,9.368406733237413e-07,10,3066.0
740.0,317,26446.0,62.37264150943396,1.1666042646049728,10,3116.0,0.0,10,3116.0
745.0,320,27553.0,64.67840375586854,1.1001044652416148,10,3166.0,0.0,10,3166.0
750.0,327,28640.0,66.75990675990676,0.9063979304867286,10,3216.0,0.04134820980378041,10,3216.0
755.0,329,29864.0,68.96997690531178,0.7989992567314157,12,3271.0,0.0014016228100769339,12,3271.0
760.0,329,30987.0,70.74657534246575,0.8576319421288435,12,2742.0,1.1127054826657529e-05,12,2742.0
765.0,323,31922.0,72.38548752834467,0.9181555474321962,8,1797.0,0.016138487337441592,8,1797.0
770.0,314,32910.0,74.45701357466064,1.1020809256032327,8,1583.0,0.016836491245488288,8,1583.0
775.0,306,33582.0,75.46516853932584,1.2970672821584963,3,2700.0,0.037211301771851564,3,2700.0
780.0,311,33658.0,75.29753914988814,1.4850730966096741,6,2898.0,0.09093231806353594,6,2898.0
785.0,315,33075.0,73.33702882483371,1.5199254768198647,7,2959.0,0.028967939770589028,7,2959.0
790.0,312,31101.0,68.20394736842105,1.7100384208717305,8,2964.0,0.038593750125046476,8,2964.0
795.0,306,30336.0,66.23580786026201,1.6859210082490812,8,3001.0,0.1104920113103475,8,3001.0
800.0,312,29737.0,64.2267818574514,1.6880138993418186,9,3527.0,0.014028844619507125,9,3527.0
805.0,311,29201.0,62.79784946236559,1.5978300202222844,10,3575.0,0.04306225020464702,10,3575.0
810.0,307,28123.0,60.479569892473116,1.5714835500111144,11,4016.0,0.10923655264799592,11,4016.0
815.0,307,27190.0,57.72823779193206,1.307607538368913,11,4034.0,0.04522462302174808,11,4034.0
820.0,315,26977.0,57.154661016949156,1.0904150651046445,13,4098.0,0.0,13,4098.0
825.0,317,26833.0,56.72938689217759,1.1246075075206916,13,4443.0,0.012231200049062776,13,4443.0
830.0,311,26364.0,55.503157894736844,1.1363746971862745,15,4515.0,0.013060098904182114,15,4515.0
835.0,308,26346.0,54.8875,1.1408462874025198,16,4593.0,0.00040079511792107277,16,4593.0
840.0,313,25651.0,53.55114822546973,1.1679607794217441,17,4677.0,1.1006759542992308e-06,17,4677.0
845.0,334,26707.0,55.523908523908524,1.2022897374475021,17,4762.0,0.0,17,4762.0
850.0,350,27680.0,57.30848861283644,1.1541010290149656,16,4762.0,0.0,16,4762.0
855.0,347,28264.0,58.5175983436853,1.0991880013085962,11,3984.0,0.013877167228937178,11,3984.0
860.0,362,29436.0,60.31967213114754,0.9969759409337171,16,4675.0,0.0015307521853430732,16,4675.0
865.0,363,30348.0,61.80855397148676,1.1125684065205275,8,4481.0,0.03828545883592165,8,4481.0
870.0,376,31434.0,63.63157894736842,1.3840553033196534,8,4490.0,0.03119447077161186,8,4490.0
875.0,369,32354.0,65.49392712550608,1.3885560094512537,8,4514.0,0.0,8,4514.0
880.0,391,33690.0,67.78672032193158,1.2847662949908127,8,4554.0,0.08843389349015068,8,4554.0
885.0,388,34652.0,69.72233400402415,1.299710427950564,8,4596.0,0.04957051264452861,8,4596.0
890.0,398,36245.0,72.34530938123753,1.3251425513827264,9,4639.0,9.58222139918787e-07,9,4639.0
895.0,397,37172.0,73.60792079207921,1.3853442991824108,9,4684.0,0.0,9,4684.0
900.0,402,38674.0,76.2800788954635,1.35440952224178,9,4729.0,0.026259457876091706,9,4729.0
905.0,406,39873.0,78.95643564356436,1.2083958147830036,9,4755.0,0.00015731628668573194,9,4755.0
910.0,412,41396.0,81.81027667984189,1.0133297891350648,10,4802.0,0.013702836349245979,10,4802.0
915.0,424,43002.0,84.81656804733728,1.009428705790883,11,4853.0,9.685005354804224e-05,11,4853.0
920.0,433,44812.0,87.86666666666666,0.9251017257905668,11,4908.0,0.08097652291608623,11,4908.0
925.0,442,46850.0,91.147859922179,0.7989943037040158,11,4963.0,0.0,11,4963.0
930.0,440,48869.0,95.82156862745099,0.7407708327097927,12,5019.0,0.09360569245351572,12,5019.0
935.0,440,50890.0,99.39453125,0.6965355286266284,13,5080.0,9.959862281375472e-05,13,5080.0
940.0,442,52667.0,102.46498054474708,0.7306079766049381,12,4414.0,0.02620610076587704,12,4414.0
945.0,444,53932.0,105.13060428849903,0.7208808841336161,8,2899.0,0.02158929238182911,8,2899.0
950.0,440,55148.0,107.08349514563106,0.7977902199983167,8,3386.0,0.020237653114680263,8,3386.0
955.0,437,56858.0,109.3423076923077,0.9188905530476852,6,3965.0,0.025672891721238832,6,3965.0
960.0,440,58845.0,112.94625719769674,0.9811916583614926,7,3975.0,0.022220160622134083,7,3975.0
965.0,446,60816.0,116.282982791587,1.1307756143879908,7,3997.0,0.0990773721688346,7,3997.0
970.0,439,62358.0,118.55133079847909,1.0543726047670445,7,5181.0,0.012125247842959715,7,5181.0
975.0,448,64225.0,121.63825757575758,1.1196296040252165,8,5222.0,0.0009306186625064957,8,5222.0
980.0,457,66269.0,125.27221172022685,0.9496341725060807,11,6363.0,0.14131237360036528,11,6363.0
985.0,456,68268.0,129.29545454545453,0.8228533097959906,12,6418.0,0.06955655491214077,12,6418.0
990.0,457,69485.0,131.60037878787878,0.6865523951441367,13,6480.0,0.053341202064051754,13,6480.0
995.0,463,70468.0,131.9625468164794,0.9114366644510408,12,6533.0,0.032295943436349776,12,6533.0
1000.0,469,72312.0,135.41573033707866,0.782509222454928,13,6594.0,0.03271494976103317,13,6594.0
1005.0,469,73840.0,137.76119402985074,0.7897498278994659,15,7001.0,0.04702742403124047,15,7001.0
1010.0,471,75574.0,140.4721189591078,0.6741893395206684,15,6736.0,0.003264028883139123,15,6736.0
1015.0,464,77500.0,143.7847866419295,0.8201904622689302,16,6815.0,0.058412077454190706,16,6815.0
1020.0,459,79351.0,147.76722532588454,0.7472414552194065,16,6895.0,0.0,16,6895.0
1025.0,464,81094.0,151.01303538175046,0.6983116939721207,16,6975.0,0.0,16,6975.0
1030.0,471,83192.0,154.34508348794063,0.7129760222312943,16,6971.0,9.229739049436971e-05,16,6971.0
1035.0,471,84804.0,156.75415896487985,0.7265815243739837,12,5353.0,0.017291698739913323,12,5353.0
1040.0,475,86724.0,159.4191176470588,0.7911471410876956,16,4821.0,0.07147059721022073,16,4821.0
1045.0,476,88652.0,162.96323529411765,0.9658314758625991,6,4734.0,0.09635297899331188,6,4734.0
1050.0,483,90815.0,166.63302752293578,0.9912300116664232,10,5496.0,0.02542768949833321,10,5496.0
1055.0,490,93192.0,170.05839416058393,1.0161026633129941,12,5546.0,0.0688034912645824,12,5546.0
1060.0,489,95521.0,173.99089253187614,1.0120870078958741,13,5608.0,0.06758043364605949,13,5608.0
1065.0,492,97912.0,178.0218181818182,0.9904515913199301,13,5668.0,0.00018113869437193082,13,5668.0
1070.0,490,100291.0,181.68659420289856,0.9526903235782809,13,5733.0,0.0004939096096779118,13,5733.0
1075.0,489,102606.0,186.55636363636364,0.8969906547046405,11,5772.0,0.06458381540100447,11,5772.0
1080.0,492,105050.0,190.65335753176043,0.9022347119434919,12,5830.0,0.014619332790284047,12,5830.0
1085.0,495,107226.0,193.54873646209387,0.9277691066908589,14,5848.0,0.0010540365573293825,14,5848.0
1090.0,502,109721.0,197.6954954954955,0.7380784893783332,15,5923.0,0.018547309159062057,15,5923.0
1095.0,506,112207.0,202.53971119133573,0.6642153125625434,16,5999.0,0.0005879895788660439,16,5999.0
1100.0,511,114752.0,206.76036036036035,0.5446473169240235,17,6084.0,0.02745584769545041,17,6084.0
1105.0,513,117284.0,209.81037567084078,0.7383393011941894,18,6170.0,4.911453550179475e-06,18,6170.0
1110.0,515,119850.0,215.1705565529623,0.6440671916250232,18,6260.0,0.0,18,6260.0
1115.0,515,122357.0,220.06654676258992,0.5745272111534676,18,6350.0,0.0,18,6350.0
1120.0,516,124842.0,223.7311827956989,0.578163619919518,17,6356.0,0.013310934976405932,17,6356.0
1125.0,506,125777.0,223.80249110320284,0.6887293310504138,15,4769.0,0.009227794360964527,15,4769.0
1130.0,514,127746.0,227.71122994652407,0.5821471049146366,15,3469.0,0.0047636361868955346,15,3469.0
1135.0,503,129559.0,230.12255772646537,0.7498958925094638,6,3227.0,0.10049913496747986,6,3227.0
1140.0,505,131681.0,233.47695035460993,0.981387109964964,7,3186.0,0.20962286752504802,7,3186.0
1145.0,507,134139.0,235.7451669595782,0.9584108169209176,8,3165.0,0.05134667697758589,8,3165.0
1150.0,510,136583.0,238.3647469458988,0.9256432900397539,9,3845.0,0.0823368710392136,9,3845.0
1155.0,512,139079.0,242.29790940766551,0.8567941418335226,12,4576.0,0.057941921153009446,12,4576.0
1160.0,508,140405.0,243.75868055555554,0.817981329054914,14,6047.0,0.02640871204780229,14,6047.0
1165.0,516,142676.0,245.99310344827586,0.845164523531807,15,6781.0,0.026276845839946987,15,6781.0
1170.0,527,145281.0,249.19554030874787,0.7584314008178198,18,6856.0,0.0773041330252824,18,6856.0
1175.0,518,145532.0,249.62607204116637,0.7167163672766292,17,6206.0,0.026790006679623363,17,6206.0
1180.0,522,146122.0,248.50680272108843,0.7673456966351452,17,6262.0,0.008469339784457347,17,6262.0
1185.0,521,147779.0,251.3248299319728,0.7982776948296126,17,6342.0,0.05448448703298012,17,6342.0
1190.0,518,148903.0,251.95093062605753,0.8452937800732393,17,7253.0,0.007119791636825537,17,7253.0
1195.0,530,150175.0,252.81986531986533,0.750771928722016,19,7334.0,5.9654903344341335e-05,19,7334.0
1200.0,524,150808.0,253.45882352941177,0.7510392485417303,19,7420.0,0.0,19,7420.0
1205.0,523,150547.0,252.59563758389262,0.6926968933266482,20,7506.0,0.00010130259728235542,20,7506.0
1210.0,517,150961.0,252.86599664991624,0.7216358344393442,18,7441.0,0.0503238073557871,18,7441.0
1215.0,517,150690.0,251.56928213689483,0.787429920089718,12,6641.0,0.03331984959516116,12,6641.0
1220.0,520,151749.0,252.915,0.6792440100513361,16,6037.0,0.0010715660358413279,16,6037.0
1225.0,524,152867.0,253.51077943615257,0.7665614550496002,11,5903.0,0.02911258486801737,11,5903.0
1230.0,517,153035.0,252.9504132231405,0.9015223430497902,10,5908.0,0.07112323591287245,10,5908.0
1235.0,512,155180.0,255.6507413509061,0.9741122479969868,11,5879.0,0.019896328148339516,11,5879.0
1240.0,513,156971.0,259.02805280528054,0.8938995135680032,10,5919.0,0.06210885605765545,10,5919.0
1245.0,522,159010.0,261.96046128500825,0.8924952813260643,11,5338.0,0.1008472174454873,11,5338.0
1250.0,535,161352.0,264.51147540983607,0.8503517922024101,12,5376.0,0.01683470008003119,12,5376.0
1255.0,546,163517.0,267.18464052287584,0.795316033146233,14,5420.0,0.000263688951646769,14,5420.0
1260.0,536,165593.0,271.01963993453353,0.8084621059394894,14,5477.0,0.0005711174117671202,14,5477.0
1265.0,526,167006.0,272.8856209150327,0.7503187100843292,13,5456.0,0.09754091022281057,13,5456.0
1270.0,536,169262.0,275.671009771987,0.6800093372661754,15,5515.0,0.0586266519248922,15,5515.0
1275.0,536,170662.0,277.9511400651466,0.6226183435358612,18,5587.0,0.001513859484039061,18,5587.0
1280.0,542,172584.0,281.5399673735726,0.46608541190356123,19,5668.0,2.8982929772140542e-06,19,5668.0
1285.0,531,174681.0,284.49674267100977,0.5011153283586419,20,5748.0,5.952045710174981e-07,20,5748.0
1290.0,536,176663.0,288.1941272430669,0.4295397698768678,20,5826.0,0.03666979338627104,20,5826.0
1295.0,544,178966.0,290.0583468395462,0.41714466705279046,21,5903.0,1.9057097784040166e-06,21,5903.0
1300.0,554,181377.0,293.96596434359805,0.3905749955061952,19,5857.0,0.0031011883967689106,19,5857.0
1305.0,530,183235.0,297.4594155844156,0.4691692673401633,14,4030.0,0.05200456274629749,14,4030.0
1310.0,554,185384.0,299.0064516129032,0.4939833268546181,18,4090.0,8.474812440478424e-05,18,4090.0
1315.0,560,187505.0,301.9404186795491,0.5403387725962281,7,3835.0,0.036740523579799574,7,3835.0
1320.0,548,189806.0,305.64573268921094,0.5984142865390357,7,3733.0,0.11744979218052798,7,3733.0
1325.0,551,192136.0,308.40449438202245,0.6127630190450645,8,3771.0,0.009651271018250467,8,3771.0
1330.0,556,194626.0,312.4012841091493,0.5946518986790827,11,3806.0,0.00015591398669708516,11,3806.0
1335.0,565,197303.0,315.6848,0.6471586338575969,11,3846.0,3.6853515990597533e-07,11,3846.0
1340.0,565,199776.0,318.622009569378,0.6808682940336374,11,3885.0,0.08206398883166478,11,3885.0
1345.0,569,202178.0,321.42766295707474,0.6015338783553912,11,3924.0,0.07911331981858978,11,3924.0
1350.0,566,204590.0,324.74603174603175,0.5801816594324869,9,3955.0,0.08026984187233031,9,3955.0
1355.0,556,206867.0,326.28864353312304,0.7257300605983762,10,3962.0,0.030778785600703087,10,3962.0
1360.0,562,209330.0,331.743264659271,0.6994522780838934,11,3999.0,0.08037962332803168,11,3999.0
1365.0,563,211855.0,334.68404423380724,0.6658580821887726,11,4037.0,0.0,11,4037.0
1370.0,570,214484.0,337.7700787401575,0.6252428844124921,11,4076.0,0.0024454476565899455,11,4076.0
1375.0,576,217033.0,341.24685534591197,0.5500542864145366,12,4121.0,0.014989757146530927,12,4121.0
1380.0,582,219628.0,345.32704402515725,0.45365608671387453,13,4169.0,0.0,13,4169.0
1385.0,584,222235.0,347.2421875,0.48860486105335654,13,4215.0,0.018072252204162736,13,4215.0
1390.0,582,224819.0,350.73166926677067,0.4317281827898739,13,4259.0,3.7265213728028375e-05,13,4259.0
1395.0,574,227155.0,352.1782945736434,0.5339662354971723,10,1398.0,0.01766864241890053,10,1398.0
1400.0,570,227012.0,350.32716049382714,0.5980153955421522,10,2202.0,0.010809813933536036,10,2202.0
1405.0,569,227619.0,349.1088957055215,0.6955071541592137,5,2880.0,0.14816426901820187,5,2880.0
1410.0,570,229232.0,349.9725190839695,0.7582025735735566,5,2827.0,0.12434157370420974,5,2827.0
1415.0,576,231662.0,353.6824427480916,0.8536606510682176,5,3658.0,0.05577198441471231,5,3658.0
1420.0,588,234354.0,357.2469512195122,0.8896672938767676,6,3623.0,0.04352042135044738,6,3623.0
1425.0,580,235934.0,359.1080669710807,0.9029952630197117,6,3612.0,0.08403007097330757,6,3612.0
1430.0,587,238182.0,361.97872340425533,0.8796674734198253,6,3853.0,0.10919269525517168,6,3853.0
1435.0,575,239937.0,362.4425981873112,0.9610071604940966,7,4934.0,0.12451281958711777,7,4934.0
1440.0,575,242131.0,366.31013615733735,0.7740883847863932,9,4999.0,0.14702781752847888,9,4999.0
1445.0,584,244090.0,367.605421686747,0.7369762292266739,7,4232.0,0.08130251032350122,7,4232.0
1450.0,586,246284.0,369.7957957957958,0.7048421419018699,10,3738.0,1.3485673165148141e-05,10,3738.0
1455.0,592,248011.0,370.7189835575486,0.7119455953509992,10,3770.0,0.004537848441509459,10,3770.0
1460.0,605,250709.0,374.1925373134328,0.6053967059326557,12,3809.0,0.07146886830312114,12,3809.0
1465.0,597,253245.0,377.4143070044709,0.6088474930488535,13,3857.0,0.0,13,3857.0
1470.0,604,255618.0,382.0896860986547,0.61155041945863,13,3909.0,0.0,13,3909.0
1475.0,596,257363.0,382.41158989598813,0.7044390867341032,13,3957.0,0.0,13,3957.0
1480.0,593,259712.0,387.0521609538003,0.6878139164911851,12,4003.0,0.06643186728981104,12,4003.0
1485.0,580,260301.0,388.5089552238806,0.6350099858464284,11,2258.0,0.005909638818115329,11,2258.0
1490.0,582,261791.0,388.99108469539374,0.6685431711058684,10,4152.0,0.07594902199679904,10,4152.0
1495.0,581,263557.0,389.301329394387,0.6440988676512315,7,3920.0,0.048602286282877355,7,3920.0
1500.0,582,265727.0,390.775,0.7572354985338483,8,3838.0,0.06395067154712641,8,3838.0
1505.0,583,267586.0,392.9309838472834,0.8616431066739962,8,5655.0,0.03210249700266258,8,5655.0
1510.0,589,269870.0,396.86764705882354,0.8090317778231003,14,6615.0,0.03900616026954968,14,6615.0
1515.0,586,271515.0,398.1158357771261,0.7841441522737174,12,6635.0,0.007857872374042427,12,6635.0
1520.0,591,273685.0,403.665191740413,0.6508593475936237,13,6605.0,0.017513291260058076,13,6605.0
1525.0,594,276113.0,406.0485294117647,0.698047755129825,13,6636.0,0.0,13,6636.0
1530.0,595,278346.0,408.13196480938416,0.7119194865361884,13,6676.0,0.0511754457192961,13,6676.0
1535.0,602,280549.0,410.75988286969255,0.6470047570599952,11,6612.0,0.03178780038323331,11,6612.0
1540.0,601,282465.0,412.9605263157895,0.6094757782491625,13,6617.0,5.147661257496908e-07,13,6617.0
1545.0,604,285006.0,416.0671532846715,0.5289624265961569,13,6646.0,0.0,13,6646.0
1550.0,607,287178.0,418.0174672489083,0.5881097431599068,13,6673.0,0.02730983587761428,13,6673.0
1555.0,619,289583.0,421.51819505094613,0.43911215332094594,14,6707.0,0.0,14,6707.0
1560.0,613,291115.0,423.13226744186045,0.4733914411066316,14,6736.0,0.0,14,6736.0
1565.0,627,293539.0,422.96685878962535,0.49866530080005617,14,6764.0,0.0007647392475012228,14,6764.0
1570.0,624,296129.0,427.9320809248555,0.5079764535910187,14,6772.0,0.012448960935770048,14,6772.0
1575.0,626,298002.0,428.16379310344826,0.5551085137267205,11,4791.0,0.07259593038880897,11,4791.0
1580.0,622,300218.0,428.8828571428571,0.6167035122381651,12,3905.0,0.012135332610832945,12,3905.0
1585.0,626,302643.0,431.11538461538464,0.6566447760932207,8,3740.0,0.029411282617978617,8,3740.0
1590.0,617,305338.0,434.3357041251778,0.7704297520521549,4,3725.0,0.16016681017296336,4,3725.0
1595.0,617,307203.0,435.74893617021274,0.729248147741923,10,5548.0,0.03439791432570823,10,5548.0
1600.0,628,309922.0,438.36209335219235,0.730836589035367,11,5573.0,0.008115761384325652,11,5573.0
1605.0,622,312478.0,438.87359550561797,0.7613285262167827,11,5582.0,0.059151878183882026,11,5582.0
1610.0,634,315183.0,442.0518934081346,0.7369559108293698,11,5596.0,0.0,11,5596.0
1615.0,627,317552.0,446.0,0.732829066754491,11,5611.0,0.0,11,5611.0
1620.0,626,320064.0,448.8976157082749,0.7147256257122852,11,5624.0,0.0006887776186133747,11,5624.0
1625.0,638,322504.0,450.4245810055866,0.6482202099989134,10,5567.0,4.062122718846956e-06,10,5567.0
1630.0,637,324774.0,453.5949720670391,0.5773798086865386,10,5576.0,0.08608814324209975,10,5576.0
1635.0,644,327351.0,455.9206128133705,0.5126553374457183,10,5581.0,0.08910427186073888,10,5581.0
1640.0,645,330029.0,458.37361111111113,0.4327401349960423,12,5592.0,0.002099226839142797,12,5592.0
1645.0,648,332701.0,459.5317679558011,0.524975665906938,14,5623.0,5.46110956468431e-06,14,5623.0
1650.0,646,335618.0,462.92137931034483,0.5831752047234554,14,5655.0,2.865403556983339e-07,14,5655.0
1655.0,643,338252.0,467.1988950276243,0.5296971552964342,14,5682.0,0.0,14,5682.0
1660.0,650,340991.0,469.6845730027548,0.4744206863035315,13,5712.0,0.0,13,5712.0
1665.0,641,343049.0,469.2872777017784,0.451511069332103,6,4784.0,0.022519269716388162,6,4784.0
1670.0,648,345719.0,471.6493860845839,0.46085445127571634,10,3855.0,0.006633131379379049,10,3855.0
1675.0,642,348225.0,474.4209809264305,0.49896360623647,6,2867.0,0.11634193289039231,6,2867.0
1680.0,652,351009.0,476.2672998643148,0.5454954614015631,7,2811.0,0.1551737068115829,7,2811.0
1685.0,647,353993.0,476.43741588156126,0.6807875829670699,8,2791.0,0.045817749610978536,8,2791.0
1690.0,646,356573.0,479.26478494623655,0.693436357058494,9,3729.0,0.03368711801977654,9,3729.0
1695.0,653,359119.0,480.10561497326205,0.7754403811611786,9,3739.0,0.010115084566720096,9,3739.0
1700.0,651,362215.0,482.9533333333333,0.7500988277320747,10,3764.0,0.0,10,3764.0
1705.0,654,364299.0,483.1551724137931,0.8098029724336802,10,3778.0,0.08474900526934388,10,3778.0
1710.0,662,366588.0,485.5470198675497,0.728926136467443,10,3788.0,0.02287726265649921,10,3788.0
1715.0,659,368965.0,488.6953642384106,0.7063461920490002,8,3736.0,0.0,8,3736.0
1720.0,654,370015.0,488.14643799472293,0.7130262859939385,8,3736.0,0.06178453876124325,8,3736.0
1725.0,665,372357.0,491.885072655218,0.6589020309708467,9,3746.0,0.05244440663585213,9,3746.0
1730.0,669,374550.0,492.1813403416557,0.6078788923525001,12,3759.0,0.019586438347860013,12,3759.0
1735.0,671,377295.0,495.1377952755906,0.46196949322552694,14,3791.0,0.10120155267111211,14,3791.0
1740.0,676,380185.0,498.93044619422574,0.46848032078891505,16,3826.0,1.518545778909542e-05,16,3826.0
1745.0,688,383357.0,502.4338138925295,0.4204593120010426,16,3866.0,0.0,16,3866.0
1750.0,695,386504.0,505.23398692810457,0.41446534463527107,15,3900.0,0.029566590516486205,15,3900.0
1755.0,689,388369.0,507.6718954248366,0.4576854473710865,10,3018.0,0.012017601664948026,10,3018.0
1760.0,691,390355.0,510.93586387434556,0.4600705427346801,16,3984.0,0.0059106388574265865,16,3984.0
1765.0,683,392142.0,510.6015625,0.5641496220364406,8,3874.0,0.08306007490014355,8,3874.0
1770.0,683,394955.0,513.5955786736021,0.6846492836053398,9,3864.0,0.11108472096086124,9,3864.0
1775.0,671,397196.0,514.5025906735751,0.8086724639357593,9,3789.0,0.18485317223572692,9,3789.0
1780.0,675,399541.0,517.5401554404145,0.7921956913203664,10,3785.0,0.09701577683604505,10,3785.0
1785.0,678,401702.0,520.339378238342,0.6675539579614463,11,3810.0,0.0016811093251773443,11,3810.0
1790.0,688,403834.0,522.4243208279431,0.6567563674733954,12,3836.0,0.05659627133735553,12,3836.0
1795.0,693,406568.0,524.603870967742,0.6436563912760619,12,3864.0,0.0,12,3864.0
1800.0,698,409014.0,527.0798969072165,0.5893689914092891,12,3895.0,0.033306543404757735,12,3895.0
1805.0,697,411583.0,529.0269922879178,0.542158207850853,10,3795.0,0.020029212393331268,10,3795.0
1810.0,707,414840.0,531.8461538461538,0.5146773281868015,15,3833.0,0.00022121967034437404,15,3833.0
1815.0,711,418316.0,535.6158770806658,0.45636313433894726,15,3878.0,0.07052670912684121,15,3878.0
1820.0,714,421294.0,540.1205128205128,0.3729930672835201,16,3927.0,0.03632840365479423,16,3927.0
1825.0,723,424794.0,543.2148337595908,0.39218679682546376,17,3980.0,0.0001399337912810114,17,3980.0
1830.0,719,427723.0,544.8700636942675,0.4312707501524495,17,4036.0,0.0,17,4036.0
1835.0,722,431052.0,547.0203045685279,0.518270457015648,17,4089.0,0.0,17,4089.0
1840.0,720,434461.0,549.9506329113924,0.45063128768301364,16,4044.0,5.221636560772637e-05,16,4044.0
1845.0,710,436701.0,550.0012594458439,0.5811516374608122,13,3104.0,0.011377579779532581,13,3104.0
1850.0,698,438188.0,551.1798742138365,0.4937044095219741,12,4059.0,0.005527023021483228,12,4059.0
1855.0,693,439978.0,550.6608260325406,0.5996792060694413,6,3870.0,0.02761234276972698,6,3870.0
1860.0,707,442706.0,554.7694235588972,0.5708837509621862,5,3722.0,0.18261284492010443,5,3722.0
1865.0,707,445228.0,558.6298619824341,0.5210745579760451,5,3717.0,0.02308003784799752,5,3717.0
1870.0,719,448576.0,560.72,0.5717237427494362,8,3726.0,0.00020172227096191636,8,3726.0
1875.0,728,451505.0,565.0876095118898,0.4986997481988645,8,3751.0,0.0,8,3751.0
1880.0,732,454742.0,567.7178526841449,0.47620468917928593,8,3773.0,0.0,8,3773.0
1885.0,729,457578.0,573.406015037594,0.3933185358449625,8,3788.0,0.1111111111111111,8,3788.0
1890.0,730,460477.0,576.3166458072591,0.41873326302363384,8,3808.0,0.10679547226501422,8,3808.0
1895.0,741,463885.0,579.1323345817727,0.4620160420919701,7,3801.0,0.12343637952313292,7,3801.0
1900.0,734,467261.0,584.07625,0.4839642303146101,7,3812.0,0.002887063764680866,7,3812.0
1905.0,737,470374.0,586.501246882793,0.5127207313792334,8,3829.0,0.0,8,3829.0
1910.0,733,472678.0,591.586983729662,0.45535435930153956,8,3846.0,0.0,8,3846.0
1915.0,745,475905.0,594.88125,0.4769654051436193,8,3864.0,0.0,8,3864.0
1920.0,748,479361.0,598.4531835205993,0.442039078344094,8,3879.0,0.10982386944173939,8,3879.0
1925.0,747,482632.0,598.7990074441688,0.48371347512144725,8,3899.0,0.0004734544372154144,8,3899.0
1930.0,749,486011.0,602.2441140024783,0.47224919563893036,8,2982.0,0.10864959307866254,8,2982.0
1935.0,745,488451.0,603.7713226205192,0.373739992371172,4,2047.0,0.08969245483571087,4,2047.0
1940.0,740,490521.0,605.5814814814814,0.4510784384279405,7,2988.0,0.015554912487096692,7,2988.0
1945.0,732,492335.0,609.325495049505,0.5145926097630888,6,4743.0,0.022942187148626975,6,4743.0
1950.0,720,492437.0,608.6983930778739,0.5325079250925888,6,4822.0,0.25767559337280693,6,4822.0
1955.0,726,494642.0,612.1806930693069,0.4942845715612187,8,4979.0,0.01862554658392716,8,4979.0
1960.0,724,495165.0,612.070457354759,0.482424742556544,8,5912.0,0.026836867255470513,8,5912.0
1965.0,730,497482.0,611.9089790897909,0.534281637670357,11,6073.0,0.11624893972590468,11,6073.0
1970.0,742,500595.0,614.2269938650306,0.44843952820711885,14,6104.0,0.01879501210226955,14,6104.0
1975.0,737,502872.0,617.7788697788698,0.3814834459513839,16,6151.0,1.0296417245067199e-06,16,6151.0
1980.0,747,505029.0,620.4287469287469,0.31485539501174287,16,6209.0,0.0,16,6209.0
1985.0,742,507453.0,620.3581907090464,0.3826868742271812,11,5247.0,0.04671976527249856,11,5247.0
1990.0,755,510093.0,623.5855745721271,0.39632260971200944,12,5257.0,0.07392392253609656,12,5257.0
1995.0,752,513292.0,629.0343137254902,0.35015092497274586,12,5294.0,0.02770424216807682,12,5294.0
2000.0,758,516537.0,633.7877300613497,0.3095758714070141,12,5337.0,0.0,12,5337.0
2005.0,752,519673.0,635.2970660146699,0.3834465097427755,12,5378.0,0.0,12,5378.0
2010.0,750,522883.0,639.2212713936431,0.37613149399031537,12,5416.0,0.0,12,5416.0
2015.0,761,526069.0,640.7661388550548,0.31957947367084477,12,5451.0,0.0005104048922798152,12,5451.0
2020.0,763,529102.0,642.8942891859052,0.35471921467121986,12,4564.0,0.0,12,4564.0
2025.0,760,531706.0,643.7118644067797,0.36303180326684054,8,3675.0,0.14412345234627788,8,3675.0
2030.0,759,533634.0,644.4855072463768,0.44060509902895145,9,5574.0,0.057764508302381605,9,5574.0
2035.0,758,536133.0,648.2865779927448,0.4534276489855669,14,6513.0,0.01453871945407095,14,6513.0
2040.0,748,538381.0,649.4342581423401,0.45982818884635196,16,8381.0,0.026574533427749857,16,8381.0
2045.0,759,540918.0,650.1418269230769,0.4554845567746353,17,8367.0,0.006273932865366019,17,8367.0
2050.0,766,543682.0,654.2503008423586,0.5223087190202268,18,8411.0,1.925566886833421e-06,18,8411.0
2055.0,767,545602.0,654.984393757503,0.5306317611722514,18,8459.0,0.10200182603881522,18,8459.0
2060.0,765,547737.0,655.1877990430622,0.4755408338826237,20,8513.0,0.021093983327526655,20,8513.0
2065.0,766,550891.0,657.3878281622912,0.47196002511820806,22,9483.0,0.04076844944420336,22,9483.0
2070.0,781,554262.0,661.4105011933174,0.4023153703041978,23,9547.0,0.01945872654404883,23,9547.0
2075.0,770,556794.0,660.491103202847,0.48283598555443963,17,6794.0,0.04451504541861957,17,6794.0
2080.0,779,560375.0,663.1656804733727,0.5271050286764886,18,6836.0,0.022465939860025187,18,6836.0
2085.0,773,562514.0,665.6970414201184,0.5106850744838249,19,6832.0,0.00011508269061154868,19,6832.0
2090.0,769,565275.0,671.3479809976247,0.48042202803635153,16,6880.0,0.07821827144907899,16,6880.0
2095.0,767,567914.0,672.8838862559242,0.42812991692466695,19,6937.0,9.56007088857776e-05,19,6937.0
2100.0,777,570363.0,674.985798816568,0.43369650063413023,19,6997.0,0.048857757061316655,19,6997.0
2105.0,773,572858.0,677.1371158392435,0.33354740918593534,20,7058.0,0.00010779724226977615,20,7058.0
2110.0,777,575735.0,679.7343565525383,0.35506166188992083,20,6192.0,0.00015207949377789664,20,6192.0
2115.0,780,578198.0,681.0341578327444,0.4010262568102832,15,5321.0,0.013366174958915913,15,5321.0
2120.0,772,580321.0,682.7305882352941,0.43166414882083176,16,6315.0,0.005743870055896173,16,6315.0
2125.0,763,582299.0,684.2526439482962,0.4860198012576338,13,6224.0,0.017657959631816114,13,6224.0
2130.0,776,585067.0,688.3141176470589,0.5250187651732756,11,6116.0,0.1051553690723258,11,6116.0
2135.0,774,587657.0,688.1229508196722,0.5197274256435995,12,6142.0,0.04528039320096355,12,6142.0
2140.0,784,590167.0,692.6842723004695,0.43205730810432813,15,6185.0,0.00016966823066596383,15,6185.0
2145.0,782,593064.0,694.4543325526932,0.42763006116523594,15,6235.0,0.0,15,6235.0
2150.0,780,596051.0,696.321261682243,0.3665127389342765,15,6285.0,0.05170366603722378,15,6285.0
2155.0,782,599151.0,698.3111888111888,0.3528459788963966,15,6335.0,0.04273656714855962,15,6335.0
2160.0,793,602620.0,703.1738623103851,0.32757635167313737,16,6390.0,0.000376883672731402,16,6390.0
2165.0,799,606204.0,704.8883720930232,0.3611587569928931,15,6339.0,0.06289395315650324,15,6339.0
2170.0,803,609922.0,706.7462340672074,0.39814690251637025,15,6387.0,0.0009360433831460669,15,6387.0
2175.0,810,613699.0,711.1228273464658,0.34635328100135154,16,6451.0,0.0,16,6451.0
2180.0,805,617288.0,714.4537037037037,0.32378401167666654,17,6517.0,0.05054831770088041,17,6517.0
2185.0,803,620823.0,713.5896551724138,0.32888667083894374,17,6583.0,0.008443383402622415,17,6583.0
2190.0,806,624338.0,717.6298850574713,0.3351496908171035,18,6651.0,0.05252395026215293,18,6651.0
2195.0,810,627714.0,719.855504587156,0.30577047947970903,18,6722.0,0.03358168788260305,18,6722.0
2200.0,804,631023.0,721.1691428571429,0.35073266655973356,16,5802.0,0.0013783247846016636,16,5802.0
2205.0,798,632627.0,723.0022857142857,0.37474085158799686,14,4946.0,0.011155624226957725,14,4946.0
2210.0,803,634269.0,726.5395189003436,0.32600348466598394,16,6873.0,0.005745429171221683,16,6873.0
2215.0,789,636351.0,728.0903890160183,0.42006090563796694,12,6726.0,0.015308965045760807,12,6726.0
2220.0,793,639381.0,729.0547320410491,0.46992350298227076,14,6790.0,0.002583488038257213,14,6790.0
2225.0,795,642223.0,733.9691428571429,0.4445543465637114,15,6840.0,1.975213164945883e-05,15,6840.0
2230.0,800,645640.0,737.8742857142857,0.4191988936649204,15,6892.0,0.029414485515231716,15,6892.0
2235.0,799,649184.0,740.2326111744584,0.4180989822787931,16,7856.0,0.027501602377223072,16,7856.0
2240.0,814,652807.0,744.363740022805,0.3275231502498308,17,8811.0,0.05340221130856063,17,8811.0
2245.0,819,656261.0,746.5995449374288,0.3407758946445232,18,8871.0,0.060538421122382245,18,8871.0
2250.0,813,659388.0,749.3045454545454,0.30590397040633166,19,8880.0,0.034450380337258675,19,8880.0
2255.0,811,662091.0,748.9717194570136,0.3776661020296802,15,7045.0,0.004272672870517173,15,7045.0
2260.0,808,665345.0,750.1071025930102,0.4783200815540432,15,7131.0,0.0029558322240123515,15,7131.0
2265.0,815,668649.0,754.6828442437924,0.46277194066331584,17,7192.0,0.028615039187245186,17,7192.0
2270.0,823,672394.0,756.3487064116986,0.49343493759810225,18,7258.0,1.700499824170836e-05,18,7258.0
2275.0,826,676070.0,758.776655443322,0.48257870251100893,18,7325.0,0.049464020296116004,18,7325.0
2280.0,832,679998.0,763.1851851851852,0.43527806398882773,18,7393.0,0.023567673561376724,18,7393.0
2285.0,833,683597.0,767.2244668911336,0.31232533610244956,20,7466.0,0.010078396121816267,20,7466.0
2290.0,837,687104.0,771.1604938271605,0.26941975036650406,20,6558.0,0.008899154061764464,20,6558.0
2295.0,820,689384.0,771.986562150056,0.35079484989106546,18,5705.0,0.046845643027167906,18,5705.0
2300.0,827,692027.0,774.079418344519,0.34508622861378574,21,6696.0,0.013630318767528323,21,6696.0
2305.0,826,695589.0,777.1944134078212,0.3781734656881373,15,7478.0,0.01550043993769186,15,7478.0
2310.0,824,698383.0,780.3162011173184,0.5194387878655894,13,8262.0,0.008705808820829655,13,8262.0
2315.0,821,701261.0,779.1788888888889,0.5618028989088671,13,8196.0,0.07876865657402314,13,8196.0
2320.0,816,703350.0,780.6326304106549,0.5344710113304332,16,8237.0,0.0008855407796814991,16,8237.0
2325.0,827,706029.0,782.7372505543237,0.4464192760296808,17,9520.0,0.07918469283952609,17,9520.0
2330.0,829,708937.0,784.2223451327434,0.3933223339360239,20,9577.0,0.00037355763084472254,20,9577.0
2335.0,834,712001.0,785.0066152149944,0.3687085794410291,20,9642.0,1.0333516953794391e-06,20,9642.0
2340.0,831,715154.0,786.7480748074807,0.351667179231777,20,9709.0,0.0,20,9709.0
2345.0,822,718094.0,786.5213581599123,0.4412854292409527,15,8426.0,0.0,15,8426.0
2350.0,821,720789.0,789.4731653888281,0.4936016051798997,15,8471.0,0.0,15,8471.0
2355.0,831,723736.0,790.9683060109289,0.5230849268382778,15,8516.0,0.0589865218045216,15,8516.0
2360.0,817,726526.0,795.7568455640745,0.385880232664624,14,8480.0,0.0422380141084617,14,8480.0
2365.0,831,729964.0,798.6477024070022,0.3331407361158733,17,8531.0,0.00020508990221365344,17,8531.0
2370.0,830,733328.0,804.0877192982456,0.3355359122334337,17,8586.0,0.04710869825001994,17,8586.0
2375.0,830,736463.0,804.8775956284153,0.3575426556954206,17,8641.0,0.09334192021422501,17,8641.0
2380.0,821,739241.0,809.6834611171961,0.2681488980322709,18,7766.0,0.03789006047650641,18,7766.0
2385.0,825,742474.0,812.3347921225383,0.3149184403397237,16,6026.0,0.012305439618404003,16,6026.0
2390.0,808,745236.0,812.6892039258452,0.3572044034635914,17,7954.0,0.017081611443484735,17,7954.0
2395.0,823,748393.0,817.0229257641921,0.3328859417279607,14,8799.0,0.06142998953740884,14,8799.0
2400.0,826,751728.0,820.6637554585153,0.3408365218134083,18,9807.0,0.017275992766012407,18,9807.0
2405.0,833,754888.0,823.2148309705561,0.372764759068256,19,9816.0,0.012880430015660322,19,9816.0
2410.0,831,758157.0,824.9804134929271,0.4065394665104734,18,9855.0,0.003713722476076008,18,9855.0
2415.0,841,761561.0,826.8849077090119,0.4422891240295357,19,10798.0,0.03073161445255038,19,10798.0
2420.0,851,765127.0,828.9566630552546,0.3850862636539359,21,12591.0,0.047353938790763654,21,12591.0
2425.0,856,768722.0,831.9502164502164,0.37103674372595347,23,12652.0,1.0263530605415328e-05,23,12652.0
2430.0,856,772536.0,835.1740540540541,0.4113458538232321,21,12614.0,0.05221403771511074,21,12614.0
2435.0,841,775875.0,837.877969762419,0.41887495653547124,16,11625.0,0.04905337167916365,16,11625.0
2440.0,856,779492.0,842.694054054054,0.37658286252733997,19,11720.0,0.013066127339543328,19,11720.0
2445.0,848,783097.0,844.764832793959,0.4647672655511246,20,10033.0,3.516569714943402e-06,20,10033.0
2450.0,844,786489.0,847.5096982758621,0.39891795697515653,21,10110.0,5.5381695789038314e-05,21,10110.0
2455.0,848,790268.0,850.6652314316469,0.365487529691727,21,10188.0,0.0,21,10188.0
2460.0,851,793905.0,853.6612903225806,0.28685583412718396,22,10259.0,0.0001241182536188521,22,10259.0
2465.0,846,797500.0,855.68669527897,0.269269104316751,22,10335.0,0.0,22,10335.0
2470.0,852,801312.0,861.6258064516129,0.23970829914683156,21,9462.0,0.0,21,9462.0
2475.0,837,804590.0,866.0818083961249,0.2519020943190888,16,7652.0,0.01133272815689435,16,7652.0
2480.0,838,807537.0,868.3193548387097,0.29023720037460893,17,8642.0,0.0044761774198608896,17,8642.0
2485.0,842,810776.0,868.9989281886388,0.3352773613138875,16,10263.0,0.009090737365457909,16,10263.0
2490.0,845,814521.0,873.9495708154507,0.38454556649396915,13,10272.0,0.009765736700870371,13,10272.0
2495.0,856,818351.0,879.0021482277122,0.4112389297463187,16,10312.0,9.603694815872326e-05,16,10312.0
2500.0,858,822134.0,883.0655209452202,0.4122899986543633,16,10357.0,0.05037125547367111,16,10357.0
2505.0,861,824569.0,887.5877287405813,0.3081588848529951,17,10404.0,0.00019849859044331715,17,10404.0
2510.0,859,827218.0,888.5263157894736,0.30708378651218493,17,10454.0,0.0,17,10454.0
2515.0,860,830427.0,891.9731471535982,0.2685041049593627,17,10504.0,0.0,17,10504.0
2520.0,859,834111.0,898.8265086206897,0.2736056285468253,16,10481.0,0.06077661372571592,16,10481.0
2525.0,853,837452.0,902.426724137931,0.2743498267988888,16,10509.0,0.001664134059477755,16,10509.0
2530.0,862,841045.0,905.3229278794403,0.27890640544435225,18,10563.0,0.00027937749012941376,18,10563.0
2535.0,870,844731.0,907.3372717508056,0.29064835462148975,18,10619.0,0.0,18,10619.0
2540.0,874,848347.0,911.2212674543501,0.23423777557458877,18,10678.0,0.0,18,10678.0
2545.0,875,852533.0,913.7545551982851,0.2580256833680032,19,10748.0,0.0007144030377563032,19,10748.0
2550.0,877,856112.0,916.6081370449679,0.3066828120718873,20,10817.0,0.04421829956455068,20,10817.0
2555.0,869,859059.0,917.7980769230769,0.3016533315495996,20,10896.0,0.0,20,10896.0
2560.0,864,862290.0,918.3067092651758,0.3839684202252052,19,10040.0,0.0,19,10040.0
2565.0,863,864869.0,921.0532481363152,0.36061583080937126,13,9153.0,0.027899980390053012,13,9153.0
2570.0,862,868019.0,920.4867444326617,0.3617678491586375,17,10129.0,0.04167038754514176,17,10129.0
2575.0,844,870900.0,921.5873015873016,0.3514716237446742,13,10829.0,0.020370432115918435,13,10829.0
2580.0,843,873658.0,925.4851694915254,0.39642696472336547,16,10865.0,0.013197892945243326,16,10865.0
2585.0,840,876103.0,925.1351636747625,0.4573994739512406,16,10902.0,2.2678139467005315e-06,16,10902.0
2590.0,843,879303.0,925.5821052631579,0.42382771874401215,16,10947.0,0.0,16,10947.0
2595.0,843,882655.0,929.1105263157895,0.4173935965747753,16,10992.0,0.05575260388041666,16,10992.0
2600.0,845,886155.0,932.7947368421053,0.413444223858885,16,11037.0,0.01214228657039092,16,11037.0
2605.0,857,889527.0,934.3771008403361,0.41293225725383575,17,10979.0,0.030127787403427926,17,10979.0
2610.0,856,892276.0,937.2647058823529,0.3769572256680981,17,11112.0,0.016940639998688008,17,11112.0
2615.0,858,895929.0,937.1642259414226,0.39417040839991196,18,11122.0,0.07312629400315189,18,11122.0
2620.0,866,899769.0,941.1809623430962,0.3656430089517466,18,11182.0,0.019620469105799832,18,11182.0
2625.0,880,902577.0,942.1471816283924,0.3501220553199608,18,11241.0,0.0,18,11241.0
2630.0,891,906139.0,944.8790406673619,0.3146302441333021,18,11296.0,0.0,18,11296.0
2635.0,893,910251.0,952.1453974895397,0.21756119417975178,18,11355.0,0.0,18,11355.0
2640.0,889,914201.0,954.2807933194155,0.236275406619502,18,11410.0,0.0,18,11410.0
2645.0,888,918366.0,956.63125,0.21345935823735404,19,11466.0,0.00011137175285308533,19,11466.0
2650.0,892,922467.0,957.9096573208723,0.2915546156805798,18,10585.0,0.0,18,10585.0
2655.0,878,925818.0,960.3921161825726,0.2668359242595183,13,7857.0,0.06619097152319169,13,7857.0
2660.0,883,928970.0,961.6666666666666,0.298979560078593,17,9787.0,0.009070063339431958,17,9787.0
2665.0,890,933058.0,966.899481865285,0.34722725164063545,14,9676.0,0.06485987554118894,14,9676.0
2670.0,884,936431.0,969.3902691511387,0.39111610601775043,14,9701.0,0.07024515573531645,14,9701.0
2675.0,894,940653.0,976.7943925233645,0.32993504321429223,15,9750.0,0.0005815267833792491,15,9750.0
2680.0,906,944938.0,976.1756198347107,0.3454390589190745,16,9805.0,4.0230670616055256e-06,16,9805.0
2685.0,904,948809.0,981.1882109617374,0.318127910391918,16,9860.0,0.0,16,9860.0
2690.0,908,953003.0,984.5072314049587,0.3361875683251895,16,9962.0,0.039461345586668875,16,9962.0
2695.0,913,957311.0,988.9576446280992,0.2723017593565063,16,9952.0,0.0,16,9952.0
2700.0,912,961534.0,993.3202479338843,0.2027063768762465,16,9975.0,0.0,16,9975.0
2705.0,919,965828.0,997.7561983471074,0.22602734732177673,13,9975.0,0.0,13,9975.0
2710.0,924,970212.0,999.1884654994851,0.3066722910618287,13,10017.0,0.0,13,10017.0
2715.0,917,973781.0,1005.9721074380166,0.27931928411815826,13,10059.0,0.0711417880553125,13,10059.0
2720.0,921,978151.0,1009.4437564499484,0.24560137929305853,13,10105.0,0.06411004690523367,13,10105.0
2725.0,926,982631.0,1014.0670794633643,0.24400242793851046,13,10151.0,0.0,13,10151.0
2730.0,928,987156.0,1019.7892561983471,0.25709339609168597,13,10274.0,0.03288622719010974,13,10274.0
2735.0,937,991808.0,1020.3786008230453,0.20393720661970344,15,10360.0,0.03986434238630277,15,10360.0
2740.0,940,996419.0,1025.1224279835392,0.18343647574931704,14,9484.0,0.0,14,9484.0
2745.0,929,999469.0,1028.2602880658437,0.22538082455771669,12,7654.0,0.008813538798654055,12,7654.0
2750.0,925,1001511.0,1025.0880245649948,0.2791359714274156,12,8614.0,0.11085977467998584,12,8614.0
2755.0,918,1003911.0,1025.4453524004086,0.36340247814893456,9,8486.0,0.0985027289072691,9,8486.0
2760.0,923,1007835.0,1029.4535240040857,0.31251748205272306,14,10362.0,0.06967471819365814,14,10362.0
2765.0,932,1011278.0,1032.97037793667,0.20218836903437448,16,10414.0,0.00036711819251794326,16,10414.0
2770.0,921,1012288.0,1032.9469387755103,0.19331687466007488,17,10539.0,0.052514649958247006,17,10539.0
2775.0,937,1015855.0,1035.5300713557594,0.13791423697241323,17,10534.0,0.0,17,10534.0
2780.0,932,1018341.0,1037.0071283095724,0.12498211155215072,17,10594.0,0.0,17,10594.0
2785.0,934,1021297.0,1036.8497461928935,0.159848734027787,16,10626.0,0.0004572032549154708,16,10626.0
2790.0,930,1023740.0,1038.2758620689656,0.16012605002885616,17,10653.0,4.1007550612685e-06,17,10653.0
2795.0,937,1026369.0,1039.887537993921,0.1764188192539709,13,10635.0,0.06710658198681527,13,10635.0
2800.0,933,1030162.0,1042.6740890688259,0.23322329458483224,13,10675.0,0.01901161175208752,13,10675.0
2805.0,934,1034298.0,1044.7454545454545,0.2702634956092639,14,10719.0,8.503977903719749e-07,14,10719.0
2810.0,931,1038310.0,1047.73965691221,0.2395526437349912,14,10764.0,0.0,14,10764.0
2815.0,944,1042367.0,1050.773185483871,0.2324515830580022,14,10809.0,0.0,14,10809.0
2820.0,953,1046314.0,1052.6297786720322,0.24639506202913522,14,10854.0,0.05539745527806839,14,10854.0
2825.0,946,1050622.0,1055.9015075376885,0.24741245232631573,14,10899.0,0.09988668702170125,14,10899.0
2830.0,954,1055141.0,1060.443216080402,0.18878549667538255,13,9992.0,0.018675336042439764,13,9992.0
2835.0,954,1059610.0,1064.9346733668342,0.20703059303782384,12,8183.0,0.07277450512119019,12,8183.0
2840.0,943,1062909.0,1066.1073219658977,0.18481848378577334,12,9162.0,0.02963153793287554,12,9162.0
2845.0,947,1066054.0,1071.4110552763818,0.17744899159979252,17,10678.0,0.00023259322989909188,17,10678.0
2850.0,953,1069092.0,1074.46432160804,0.13660791217740076,16,10734.0,0.0005791220032013836,16,10734.0
2855.0,953,1073034.0,1078.4261306532662,0.15324446709201306,17,10793.0,0.0,17,10793.0
2860.0,953,1075637.0,1081.0422110552763,0.13627270857602083,17,10845.0,0.0,17,10845.0
2865.0,949,1078303.0,1083.721608040201,0.12177381097416698,17,10902.0,0.04296892261810192,17,10902.0
2870.0,955,1082025.0,1086.370481927711,0.10835882071563277,17,10962.0,0.0014002602311767815,17,10962.0
2875.0,954,1085561.0,1088.827482447342,0.12781822230283738,18,11013.0,0.04943688664007124,18,11013.0
2880.0,952,1089112.0,1093.4859437751004,0.11586915264192144,18,11056.0,0.0021635336310242555,18,11056.0
2885.0,946,1091832.0,1095.1173520561686,0.16246792348433675,14,10936.0,0.06750779229740815,14,10936.0
2890.0,949,1094847.0,1094.847,0.23897280915759858,14,10955.0,0.10817445227138589,14,10955.0
2895.0,955,1098423.0,1096.2305389221558,0.21047280829475828,14,11020.0,0.060352146761574625,14,11020.0
2900.0,953,1101539.0,1101.539,0.16749868593358877,15,11040.0,0.0,15,11040.0
2905.0,949,1104803.0,1102.5978043912176,0.15349501992250536,15,11060.0,0.0,15,11060.0
2910.0,956,1108466.0,1105.1505483549352,0.14261190033922191,15,11080.0,0.0557838821863403,15,11080.0
2915.0,965,1112841.0,1107.3044776119402,0.16836854460902917,15,11100.0,0.03457329615670106,15,11100.0
2920.0,966,1116988.0,1108.123015873016,0.1465884267692254,15,11121.0,0.0033295757074149716,15,11121.0
2925.0,952,1119270.0,1109.286422200198,0.13657955207348074,12,11135.0,0.022650829865816915,12,11135.0
2930.0,954,1122550.0,1110.3363006923837,0.10336562028948552,15,10275.0,0.0017538582684478703,15,10275.0
2935.0,958,1126388.0,1111.9328726554788,0.14509481243628133,13,10149.0,0.03651924763223745,13,10149.0
2940.0,956,1130077.0,1117.7814045499506,0.18232747479636305,13,10162.0,0.0,13,10162.0
2945.0,966,1133901.0,1119.349457058243,0.20358744518185634,14,11109.0,0.0,14,11109.0
2950.0,957,1137405.0,1122.8084896347482,0.19652654395703015,14,11147.0,0.031896696939013265,14,11147.0
2955.0,958,1141198.0,1127.6660079051383,0.16398937742894282,15,11191.0,0.09230481804029328,15,11191.0
2960.0,948,1144841.0,1131.2658102766798,0.15601465631479527,15,11244.0,0.031720472533232395,15,11244.0
2965.0,958,1148641.0,1131.6660098522168,0.1503019063451046,17,11295.0,4.2307964699792834e-05,17,11295.0
2970.0,955,1152478.0,1132.1001964636541,0.12645538885566557,18,11384.0,0.0011598777683151018,18,11384.0
2975.0,954,1156515.0,1133.8382352941176,0.1650015450783975,16,11391.0,0.0030732586440949407,16,11391.0
2980.0,962,1161007.0,1139.3591756624141,0.17648240159058262,17,11410.0,1.3141179027337914e-05,17,11410.0
2985.0,953,1165150.0,1142.3039215686274,0.21382922991846487,17,11443.0,0.027592793881030232,17,11443.0
2990.0,967,1169565.0,1144.3884540117417,0.21667385434979508,17,11476.0,0.05269565374502498,17,11476.0
2995.0,968,1173760.0,1147.370478983382,0.1895334602973124,17,11508.0,0.0,17,11508.0
3000.0,974,1177758.0,1150.154296875,0.15018510054315728,17,11540.0,0.0,17,11540.0
3005.0,976,1181889.0,1153.0624390243902,0.17944545763631967,17,11570.0,0.0,17,11570.0
3010.0,983,1186331.0,1155.1421616358325,0.1393126117425087,16,10693.0,0.0,16,10693.0
3015.0,973,1189438.0,1154.7941747572816,0.1585721786080289,12,9798.0,0.01710222846440503,12,9798.0
3020.0,969,1192813.0,1158.0708737864077,0.16039054729068802,13,10390.0,0.013508776485755982,13,10390.0
3025.0,973,1196795.0,1164.1974708171206,0.20592588548114046,14,11142.0,0.0002056254212547605,14,11142.0
3030.0,972,1200718.0,1166.8785228377064,0.21917148984659884,13,11162.0,0.044467232325845645,13,11162.0
3035.0,975,1204880.0,1166.3891577928364,0.20342817731427523,14,11183.0,0.03179150452062142,14,11183.0
3040.0,967,1208785.0,1170.1694094869313,0.21035735655233934,15,12131.0,0.0,15,12131.0
3045.0,966,1213081.0,1169.7984570877531,0.2244122940672282,15,12150.0,1.2663813513545159e-05,15,12150.0
3050.0,964,1217206.0,1169.2660902977907,0.22591986769871833,16,13115.0,0.0,16,13115.0
3055.0,960,1221155.0,1173.059558117195,0.2149018972337915,16,13139.0,1.7784124163393696e-06,16,13139.0
3060.0,961,1224672.0,1175.3090211132437,0.1992631260823112,16,13164.0,0.0,16,13164.0
3065.0,970,1228501.0,1175.599043062201,0.16843639016288062,16,14085.0,0.03601378091507839,16,14085.0
3070.0,975,1233092.0,1177.738299904489,0.2057219987282714,18,13228.0,1.7426336069091867e-06,18,13228.0
3075.0,982,1237146.0,1179.3574833174453,0.2569362028897141,18,14129.0,0.02973656470234381,18,14129.0
3080.0,989,1241687.0,1184.8158396946565,0.24073324027987839,18,13349.0,0.019728518462262944,18,13349.0
3085.0,989,1245930.0,1187.7311725452812,0.24983731587022848,20,13384.0,0.025611874041001837,20,13384.0
3090.0,997,1250303.0,1190.7647619047618,0.20219393444875897,20,13429.0,0.02516489918700167,20,13429.0
3095.0,1000,1254500.0,1192.490494296578,0.14224775576000426,20,13469.0,0.00022570045921855076,20,13469.0
3100.0,1002,1258674.0,1195.3219373219374,0.13550145220179385,20,13510.0,0.0,20,13510.0
3105.0,996,1261770.0,1191.473087818697,0.21608339442335142,14,11810.0,0.00772697696595664,14,11810.0
3110.0,990,1265154.0,1195.7977315689982,0.21620857585709038,15,11867.0,0.056122471940734386,15,11867.0
3115.0,982,1268306.0,1197.6449480642116,0.27758507490899936,13,11689.0,0.041233942523289574,13,11689.0
3120.0,987,1272142.0,1199.0028275212064,0.2927994957455694,17,13610.0,0.039345056000788636,17,13610.0
3125.0,993,1275830.0,1200.2163687676389,0.2871633697567911,18,13602.0,4.769848543120175e-05,18,13602.0
3130.0,1004,1280282.0,1204.4045155221072,0.27857974130983143,18,13629.0,0.032601860752598,18,13629.0
3135.0,998,1284805.0,1207.5234962406016,0.2682199689835532,19,13657.0,0.00012253172428066991,19,13657.0
3140.0,1011,1289486.0,1210.7849765258215,0.24603407336427024,19,13689.0,0.029215691893244876,19,13689.0
3145.0,1015,1294034.0,1218.487758945386,0.17803354790431913,19,13720.0,0.0481522712784033,19,13720.0
3150.0,1018,1298312.0,1220.218045112782,0.18431780059301547,19,13750.0,0.06773677521268201,19,13750.0
3155.0,1020,1302244.0,1222.7643192488263,0.19692937156225299,16,13689.0,0.014979215159121102,16,13689.0
3160.0,1018,1306736.0,1229.2906867356537,0.19014403358323792,16,13704.0,0.0,16,13704.0
3165.0,1015,1311133.0,1231.1107981220657,0.20717240491210606,16,13719.0,0.0073257628348358805,16,13719.0
3170.0,1016,1315222.0,1236.110902255639,0.17858486780008556,17,13738.0,3.346447135495253e-06,17,13738.0
3175.0,1013,1319742.0,1235.7134831460673,0.17561788185512664,17,13758.0,0.05160657805302698,17,13758.0
3180.0,1023,1324623.0,1239.1234798877456,0.17818467214114925,17,13778.0,0.0,17,13778.0
3185.0,1021,1329327.0,1243.5238540692235,0.1376108583397297,17,13843.0,0.028580344921909674,17,13843.0
3190.0,1011,1333756.0,1247.666978484565,0.13661715523373333,18,12972.0,1.9726971772437185e-05,18,12972.0
3195.0,1001,1337101.0,1249.6271028037384,0.188359695639247,13,11260.0,0.009791887338428926,13,11260.0
3200.0,1000,1340586.0,1251.7142857142858,0.18743670284642713,15,13074.0,0.015263914952877267,15,13074.0
3205.0,997,1344077.0,1250.3041860465116,0.24623226639113582,15,12974.0,8.526483433634268e-05,15,12974.0
3210.0,995,1347842.0,1253.806511627907,0.2669293778995182,15,12986.0,0.0,15,12986.0
3215.0,1000,1351549.0,1257.2548837209301,0.2710650222032892,15,12996.0,0.10998039815382663,15,12996.0
3220.0,992,1355102.0,1260.56,0.17556579080313775,16,13009.0,0.05205289781294338,16,13009.0
3225.0,994,1358718.0,1263.9237209302325,0.1402197649608063,17,13027.0,2.9041128697971512e-05,17,13027.0
3230.0,1003,1361577.0,1266.5832558139534,0.11628207269559969,17,13047.0,0.054833807395174655,17,13047.0
3235.0,1005,1365446.0,1270.1823255813954,0.15942129864572932,17,13067.0,0.03906551492546015,17,13067.0
3240.0,1000,1369547.0,1277.5625,0.11715634493405379,18,13089.0,0.00013225283851916995,18,13089.0
3245.0,1009,1373543.0,1277.7144186046512,0.15115209931307624,14,12221.0,0.02140092945209393,14,12221.0
3250.0,1001,1377305.0,1283.6020503261882,0.1612360934871757,14,12209.0,0.0,14,12209.0
3255.0,1014,1381950.0,1286.731843575419,0.16825515210897077,14,12219.0,0.0,14,12219.0
3260.0,1025,1386847.0,1291.2914338919925,0.15961607823703325,14,12229.0,0.030642620726646017,14,12229.0
3265.0,1023,1391635.0,1299.3790849673203,0.1332766874858915,15,12306.0,0.04491280765798889,15,12306.0
3270.0,1026,1396099.0,1305.9859681945743,0.11482078691513713,16,12323.0,0.05830376369738219,16,12323.0
3275.0,1029,1400823.0,1307.9579831932774,0.12066845335426153,16,12343.0,0.0,16,12343.0
3280.0,1033,1405537.0,1311.13526119403,0.15303256005204668,15,12361.0,0.0,15,12361.0
3285.0,1024,1409740.0,1317.5140186915887,0.15700398103450666,10,10508.0,0.023457917965973334,10,10508.0
3290.0,1018,1413329.0,1318.4039179104477,0.16038821909741122,12,11418.0,0.007067368986938541,12,11418.0
3295.0,1022,1417729.0,1318.8176744186046,0.20633308463907354,13,11399.0,0.050447455479969025,13,11399.0
3300.0,1026,1422090.0,1322.874418604651,0.22473790877324162,14,11414.0,0.0007609997474789067,14,11414.0
3305.0,1025,1426419.0,1324.4373259052925,0.25363019703137285,15,11497.0,0.056220871321106196,15,11497.0
3310.0,1027,1430980.0,1327.4397031539888,0.2277348475531096,17,12451.0,0.05337227722114004,17,12451.0
3315.0,1019,1434688.0,1330.8794063079777,0.21508960430906177,18,12479.0,0.052529462855006266,18,12479.0
3320.0,1028,1439123.0,1336.2330547818012,0.12004013951308812,18,12510.0,0.04881489570937095,18,12510.0
3325.0,1034,1443351.0,1338.9155844155844,0.14496544639299083,19,12550.0,0.000451305103123817,19,12550.0
3330.0,1042,1447701.0,1344.1977715877438,0.13226838065587762,20,12594.0,8.070329250509678e-07,20,12594.0
3335.0,1042,1452268.0,1345.9388322520854,0.15299135555295998,16,12564.0,0.010750333435673016,16,12564.0
3340.0,1034,1456410.0,1349.7775718257647,0.1575681264646886,16,12572.0,0.0,16,12572.0
3345.0,1034,1460530.0,1352.3425925925926,0.15086695671617967,16,12597.0,0.0,16,12597.0
3350.0,1033,1464944.0,1355.1748381128584,0.197498707236838,16,12632.0,0.0,16,12632.0
3355.0,1037,1469434.0,1358.072088724584,0.2084040844291869,16,12657.0,0.015799608412319716,16,12657.0
3360.0,1037,1474084.0,1361.1117266851338,0.16411737508158075,17,12729.0,0.0004526213237139193,17,12729.0
3365.0,1040,1478971.0,1366.8863216266175,0.1441221401593023,18,12769.0,0.0329728899303593,18,12769.0
3370.0,1035,1483590.0,1368.6254612546124,0.14761153665212878,18,11859.0,0.04448086797288868,18,11859.0
3375.0,1036,1487936.0,1370.1068139963168,0.15576792077923812,15,12794.0,0.014964275265545354,15,12794.0
3380.0,1026,1492424.0,1371.7132352941176,0.20230646051280465,17,11856.0,0.0038977398941791334,17,11856.0
3385.0,1032,1497194.0,1371.0567765567766,0.2079706884717881,18,11862.0,0.00017707942641507216,18,11862.0
3390.0,1030,1501563.0,1373.7996340347668,0.25200992813644846,18,11902.0,0.0,18,11902.0
3395.0,1031,1506423.0,1374.4735401459855,0.24222263255300455,21,13839.0,8.775880067596882e-06,21,13839.0
3400.0,1034,1511352.0,1381.491773308958,0.22182335677721113,21,13879.0,0.04409366538953263,21,13879.0
3405.0,1027,1515976.0,1385.7184643510054,0.22918845566351856,22,14826.0,0.03832565150432636,22,14826.0
3410.0,1029,1520647.0,1391.259835315645,0.19456575894395492,24,15158.0,0.009550207590710404,24,15158.0
3415.0,1040,1525463.0,1395.666056724611,0.13494475970612252,25,15221.0,0.04555305766640671,25,15221.0
3420.0,1046,1530273.0,1398.7870201096891,0.13071821236236908,26,15280.0,0.0003582009266816011,26,15280.0
3425.0,1045,1535288.0,1400.8102189781023,0.15980078409199946,21,14912.0,5.371918770575571e-07,21,14912.0
3430.0,1051,1540435.0,1405.5063868613138,0.16164398088195078,21,14953.0,0.0,21,14953.0
3435.0,1054,1545621.0,1410.2381386861314,0.17947135125261104,21,14995.0,0.0,21,14995.0
3440.0,1057,1550877.0,1415.0337591240875,0.1680510047398416,21,15030.0,0.0,21,15030.0
3445.0,1057,1556115.0,1419.8129562043796,0.14135083854272618,21,15065.0,0.0,21,15065.0
3450.0,1058,1561360.0,1427.2029250457038,0.1282118989086056,21,15098.0,0.0,21,15098.0
3455.0,1058,1566648.0,1434.6593406593406,0.11084211041846903,21,15128.0,0.010392341056416819,21,15128.0
3460.0,1058,1571859.0,1438.1143641354072,0.09812081961490514,21,15164.0,2.5343289392343e-06,21,15164.0
3465.0,1054,1576353.0,1443.5467032967033,0.12999240585719124,16,13366.0,0.014399555049349875,16,13366.0
3470.0,1059,1581449.0,1444.2456621004567,0.146510663591356,19,13393.0,0.0005042104482471774,19,13393.0
3475.0,1058,1586655.0,1449.0,0.17260910408383037,18,13356.0,0.0,18,13356.0
3480.0,1057,1591814.0,1452.3850364963503,0.20652993970946126,18,13383.0,0.05076892595982377,18,13383.0
3485.0,1060,1597038.0,1454.4972677595629,0.20917474617767598,18,13408.0,0.010838748835412132,18,13408.0
3490.0,1060,1602281.0,1457.9444949954504,0.20038206670470401,19,13440.0,0.0,19,13440.0
3495.0,1060,1607575.0,1461.4318181818182,0.21863638089511975,19,13474.0,0.046350344706233594,19,13474.0
3500.0,1058,1612795.0,1467.5113739763422,0.23595440453718247,19,13504.0,0.04643663873590815,19,13504.0
3505.0,1061,1618086.0,1475.0100273473108,0.15212058141263596,21,13540.0,0.07200005792974604,21,13540.0
3510.0,1065,1623401.0,1481.2052919708028,0.10464017153413571,21,13576.0,0.022336741920740154,21,13576.0
3515.0,1063,1628674.0,1486.0164233576643,0.10518839988187066,18,13566.0,0.0007728468571078067,18,13566.0
3520.0,1067,1634004.0,1490.8795620437957,0.1317317850830033,20,13596.0,1.6527951594343508e-05,20,13596.0
3525.0,1067,1639301.0,1492.988160291439,0.1521638472560181,20,13635.0,0.0,20,13635.0
3530.0,1064,1644525.0,1499.1112123974476,0.12105353364068065,20,13674.0,0.0,20,13674.0
3535.0,1069,1649838.0,1501.2174704276615,0.15512293277893546,20,13710.0,0.0,20,13710.0
3540.0,1067,1655168.0,1504.6981818181819,0.15084001328089078,20,13740.0,0.0891274545014074,20,13740.0
3545.0,1069,1660507.0,1506.812159709619,0.13730100330572506,20,13770.0,0.0,20,13770.0
3550.0,1069,1665769.0,1508.848731884058,0.14382999393737422,19,13800.0,0.03030379203722966,19,13800.0
3555.0,1057,1665575.0,1504.5844625112918,0.18943854831177362,16,11038.0,0.012535751457955262,16,11038.0
3560.0,1049,1667939.0,1508.0822784810127,0.16059784075986683,16,11986.0,0.06197626778852401,16,11986.0
3565.0,1059,1671983.0,1506.290990990991,0.18504125267868193,20,12962.0,0.029226731512213368,20,12962.0
3570.0,1063,1674921.0,1508.9378378378378,0.20168900036711127,23,13904.0,0.02662500892812979,23,13904.0
3575.0,1064,1679245.0,1512.8333333333333,0.1881463017292971,23,13943.0,0.0003594907237440661,23,13943.0
3580.0,1058,1681687.0,1517.7680505415162,0.17603737148396878,24,15850.0,0.019706560216564268,24,15850.0
3585.0,1062,1685492.0,1519.8304779080252,0.14237824604396274,27,17753.0,0.0028642649043164026,27,17753.0
3590.0,1070,1690431.0,1520.171762589928,0.14627946060447145,28,17805.0,0.02017224065417788,28,17805.0
3595.0,1069,1694730.0,1525.4095409540955,0.13920463562063243,28,17855.0,0.02464752366599117,28,17855.0
3600.0,1062,1698021.0,1533.8943089430895,0.12054960295225257,28,17900.0,0.0005890746471859436,28,17900.0
